,순위,제목,가수,앨범,좋아요
0,1,퇴사할게여 (Narr. 기안84),소연 (SOYEON),끝내주는 인생,"39,452"
1,2,LOVE ATTACK,RESCENE (리센느),SCENEDROME,"153,113"
2,3,갑자기,아이오아이 (I.O.I),I.O.I 3rd MINI ALBUM [I.O.I : LOOP],"80,168"
3,4,Deja Vu,RESCENE (리센느),Dearest,"58,916"
4,5,Pretty Girl,RESCENE (리센느),Pretty Girl - Special Single,"66,134"
5,6,REDRED,CORTIS (코르티스),GREENGREEN,"91,115"
6,7,만찬가,태연 (TAEYEON),J-POP REMAKE Vol.1,"49,634"
7,8,BAD,ATEEZ(에이티즈),GOLDEN HOUR : Part.5,"33,764"
8,9,BiiiG,BIGBANG (빅뱅),BiiiG,"56,940"
9,10,LEMONADE,aespa,LEMONADE - The 2nd Album,"59,585"
10,11,Drowning,WOODZ,OO-LI,"309,368"
11,12,It′s Me,아일릿(ILLIT),MAMIHLAPINATAPAI,"59,748"
12,13,Good Goodbye,화사 (HWASA),Good Goodbye,"125,777"
13,14,이 별로부터,아이유,이 별로부터,"31,624"
14,15,Dear my crazy soulmate,아이유,이 별로부터,"28,153"
15,16,사랑하게 될 거야,한로로,이상비행,"149,800"
16,17,사랑은 늘 도망가,임영웅,신사와 아가씨 OST Part.2,"241,220"
17,18,노스탈지아,BIG Naughty (서동현),노스탈지아,"32,542"
18,19,RUDE!,Hearts2Hearts (하츠투하츠),RUDE!,"75,748"
19,20,캐치 캐치,YENA (최예나),LOVE CATCHER,"52,054"
20,21,Popcorn,도경수(D.O.),성장 - THE 3RD MINI ALBUM,"94,921"
21,22,"어떻게 이별까지 사랑하겠어, 널 사랑하는 거지",AKMU (악뮤),항해,"496,819"
22,23,생각을 멈추다 보면,최유리,생각을 멈추다 보면,"50,883"
23,24,0+0,한로로,자몽살구클럽,"125,726"
24,25,Skibidi,소녀시대-효리수 (Girls' Generation-HRS),Skibidi,"17,089"
25,26,타임캡슐,다비치,타임캡슐,"79,512"
26,27,"기쁨, 슬픔, 아름다운 마음",AKMU (악뮤),개화,"93,558"
27,28,여름아 부탁해,볼빨간사춘기,여름아 부탁해,"29,199"
28,29,너의 모든 순간,성시경,별에서 온 그대 OST Part.7,"326,951"
29,30,또또,임영웅,IM HERO 10,"30,579"
30,31,"HOME SWEET HOME (feat. 태양, 대성)",G-DRAGON,"HOME SWEET HOME (feat. 태양, 대성)","234,014"
31,32,꿈꾸던 어른이 되었나요?,머무르,꿈꾸던 어른이 되었나요?,"19,963"
32,33,Pop Off Pop Off,KiiiKiii (키키),WhyKiiiKiii,"23,124"
33,34,소문의 낙원,AKMU (악뮤),개화,"90,824"
34,35,Lemon Tang,Hearts2Hearts (하츠투하츠),Lemon Tang - The 2nd Mini Album,"34,194"
35,36,우리들의 블루스,임영웅,IM HERO,"128,614"
36,37,어제보다 슬픈 오늘,우디 (Woody),어제보다 슬픈 오늘,"91,176"
37,38,404 (New Era),KiiiKiii (키키),Delulu Pack,"73,283"
38,39,내게 사랑이 뭐냐고 물어본다면,로이킴,내게 사랑이 뭐냐고 물어본다면,"102,967"
39,40,Blue Valentine,NMIXX,Blue Valentine,"121,633"
40,41,천상연,이창섭,천상연 (웹툰 '선녀외전' X 이창섭 (LEE CHANGSUB)),"150,894"
41,42,순간을 영원처럼,임영웅,IM HERO 2,"53,762"
42,43,BANG BANG,IVE (아이브),REVIVE+,"69,093"
43,44,toxic till the end,로제 (ROSÉ),rosie,"162,238"
44,45,한 페이지가 될 수 있게,DAY6 (데이식스),The Book of Us : Gravity,"371,539"
45,46,그대만 있다면 (여름날 우리 X 너드커넥션 (Nerd Connection)),너드커넥션 (Nerd Connection),그대만 있다면 (여름날 우리 X 너드커넥션 (Nerd Connection)),"179,555"
46,47,봄 내음보다 너를,김나영,봄 내음보다 너를,"142,880"
47,48,오늘만 I LOVE YOU,BOYNEXTDOOR,오늘만 I LOVE YOU,"190,826"
48,49,멸종위기사랑,이찬혁,EROS,"106,833"
49,50,Runaway,RESCENE (리센느),Runaway,"35,657"
50,51,부디 행복해질 것,임영웅,IM HERO 10,"27,066"
51,52,너에게 닿기를,10CM,너에게 닿기를,"156,503"
52,53,"모든 날, 모든 순간 (Every day, Every Moment)",폴킴,'키스 먼저 할까요?' OST Part.3,"433,469"
53,54,Guitarist,도경수(D.O.),DOPAMINE - The 4th Mini Album,"16,071"
54,55,모르시나요(PROD.로코베리),조째즈,모르시나요,"111,091"
55,56,Baila,임영웅,IM HERO 10,"25,830"
56,57,주저하는 연인들을 위해,잔나비,전설,"454,334"
57,58,소나기,이클립스 (ECLIPSE),선재 업고 튀어 OST Part 1,"201,700"
58,59,뛰어(JUMP),BLACKPINK,뛰어(JUMP),"100,207"
59,60,HAPPY,DAY6 (데이식스),Fourever,"218,907"
60,61,Whiplash,aespa,Whiplash - The 5th Mini Album,"156,409"
61,62,청춘만화,이무진,만화 (滿花),"107,809"
62,63,Heavy Serenade,NMIXX,Heavy Serenade,"56,246"
63,64,이 밤을 빌려 말해요,PLAVE,"이 밤을 빌려 말해요 (오늘 밤, 세계에서 이 사랑이 사라진다 해도 X PLAVE)","34,817"
64,65,SWIM,방탄소년단,ARIRANG,"64,571"
65,66,모이세,임영웅,IM HERO 10,"26,634"
66,67,Seven (feat. Latto) - Clean Ver.,정국,Seven (feat. Latto) - Clean Ver.,"233,900"
67,68,살아온 우리에게,임영웅,IM HERO 10,"24,784"
68,69,미워요 RE,임영웅,IM HERO 10,"24,338"
69,70,모래 알갱이 RE,임영웅,IM HERO 10,"23,969"
70,71,Golden,HUNTR/X,KPop Demon Hunters (Soundtrack from the Netflix Film),"193,576"
71,72,예뻤어,DAY6 (데이식스),Every DAY6 February,"381,752"
72,73,사랑은 늘 도망가 RE,임영웅,IM HERO 10,"23,774"
73,74,Love wins all,아이유,The Winning,"226,753"
74,75,A Bientot RE,임영웅,IM HERO 10,"23,753"
75,76,헤어지자 말해요,박재정,1집 Alone,"196,435"
76,77,봄날,방탄소년단,YOU NEVER WALK ALONE,"501,263"
77,78,그대 작은 나의 세상이 되어,카더가든,부재,"88,933"
78,79,Dynamite,방탄소년단,Dynamite (DayTime Version),"460,581"
79,80,New York,임영웅,IM HERO 10,"24,260"
80,81,like JENNIE,제니 (JENNIE),Ruby,"113,641"
81,82,입춘,한로로,입춘,"85,126"
82,83,나는 반딧불,황가람,나는 반딧불,"160,833"
83,84,Die With A Smile,Lady Gaga,Die With A Smile,"142,463"
84,85,첫 만남은 계획대로 되지 않아,TWS (투어스),Sparkling Blue,"177,374"
85,86,사랑인가 봐,멜로망스,사랑인가 봐 (사내맞선 OST 스페셜 트랙),"240,126"
86,87,APT.,로제 (ROSÉ),APT.,"222,605"
87,88,다정히 내 이름을 부르면,경서예지,다정히 내 이름을 부르면 (경서예지 x 전건호),"225,993"
88,89,청혼하지 않을 이유를 못 찾았어,이무진,청혼하지 않을 이유를 못 찾았어,"77,961"
89,90,Hype Boy,NewJeans,NewJeans 1st EP 'New Jeans',"318,217"
90,91,CRASH,ALLDAY PROJECT,CRASH,"5,149"
91,92,Welcome to the Show,DAY6 (데이식스),Fourever,"203,295"
92,93,그댈 위한 멜로디,임영웅,IM HERO 2,"42,727"
93,94,Love Love Love (Feat. Yoong Jin Of Casker),에픽하이 (EPIK HIGH),Remapping The Human Soul,"129,844"
94,95,Magnetic,아일릿(ILLIT),SUPER REAL ME,"149,304"
95,96,STYLE,Hearts2Hearts (하츠투하츠),STYLE,"66,839"
96,97,Vitamin ME,프로미스나인,Glow ME,"20,246"
97,98,Less than a Lover,제니 (JENNIE),Less than a Lover,"27,095"
98,99,REBEL HEART,IVE (아이브),IVE EMPATHY,"122,856"
99,100,사랑은 봄비처럼...이별은 겨울비처럼...,임현정,All That Love,"76,457"
